,A,C,G,T,,,,,
1,1355807,5264947,2160266,1218980,,,,,
2,7505753,591073,979776,923398,,,,,
3,7521204,576107,1018068,884621,,,,,
4,7462287,575003,1044292,918418,,,,,
5,508373,438344,8554949,498334,,,,,
6,698409,572364,1007900,7721327,,,,,
7,496331,425328,8589905,488436,,,,,
8,1032586,6521977,1385441,1059996,,,,,
9,486399,408703,8604562,500336,,,,,
10,522222,420796,8539374,517608,,,,,
11,670963,440999,998733,7889305,,,,,
12,690183,478465,900711,7930641,,,,,
13,7566820,520305,982370,930505,,,,,
14,7466365,511547,1073902,948186,,,,,
15,645728,466606,997811,7889855,,,,,
16,646950,463313,988684,7901053,,,,,
17,643220,462985,978135,7915660,,,,,
18,652632,462012,981004,7904352,,,,,
19,663035,506688,900199,7930078,,,,,
20,7327374,562383,1155138,955105,,,,,
21,1010432,6798155,1100925,1090488,,,,,
22,7357320,577467,1102820,962393,,,,,
23,539555,457250,8466076,537119,,,,,
24,704496,527889,960553,7807062,,,,,
25,7584052,566113,879707,970128,,,,,
26,673624,494722,1013435,7818219,,,,,
27,675532,501679,999490,7823299,,,,,
28,652514,510168,950299,7887019,,,,,
29,662518,521850,953578,7862054,,,,,
30,677214,546461,861420,7914905,,,,,
31,513521,502558,8412722,571199,,,,,
32,522079,537076,8335285,605560,,,,,
